title,placeUrl,website,status,subtitle,rating,reviewCount,category,address,phoneNumber,searchQuery,email,facebookUrl,instagramUrl,twitterUrl,linkedInUrl
AFRIBOBO Cameroun : Nº1 des annonces gratuites en ligne au Cameroun,https://www.google.com/maps/place/AFRIBOBO+Cameroun+:+N%C2%BA1+des+annonces+gratuites+en+ligne+au+Cameroun/data=!4m7!3m6!1s0x10610de231655abd:0x9e663a1dc9896c5f!8m2!3d4.0914109!4d9.7467262!16s%2Fg%2F11bwqmyb00!19sChIJvVplMeINYRARX2yJyR06Zp4,https://www.afribobo.com/,Data found,,4.4,96,E-commerce service,"Douala, Cameroon",+237 6 91 07 91 07,"https://www.google.com/maps/search/enterprises+in+bounamousadi+douala,+cameroon/@4.0919173,9.7315477,15z/data=!3m1!4b1?entry=ttu&g_ep=EgoyMDI0MTAwMi4xIKXMDSoASAFQAw%3D%3D",,"https://www.facebook.com/sharer.php?u=https%3A%2F%2Fwww.afribobo.com%2F&t=Cameroun%20-%20Annonces%20Occasion,%20Auto,%20Immobilier,%20Emploi%20|%20Afribobo%20CM",,https://x.com/share?url=https%3A%2F%2Fwww.afribobo.com%2F&text=Cameroun+-+Annonces+Occasion%2C+Auto%2C+Immobilier%2C+Emploi+%7C+Afribobo+CM,
Terrific Coffee,https://www.google.com/maps/place/Terrific+Coffee/data=!4m7!3m6!1s0x10610df8f5791f8f:0x7e83270f009ccf59!8m2!3d4.0841943!4d9.724913!16s%2Fg%2F11f54lbdys!19sChIJjx959fgNYRARWc-cAA8ng34,,No website found,,4.0,619,Coffee shop,"Bonamoussadi, Sable, Douala, Cameroon",+237 6 79 70 10 13,"https://www.google.com/maps/search/enterprises+in+bounamousadi+douala,+cameroon/@4.0919173,9.7315477,15z/data=!3m1!4b1?entry=ttu&g_ep=EgoyMDI0MTAwMi4xIKXMDSoASAFQAw%3D%3D",,,,,
Santa Lucia Bonamoussadi,https://www.google.com/maps/place/Santa+Lucia+Bonamoussadi/data=!4m7!3m6!1s0x10610fa6343b04b9:0x1d7a040202b3782!8m2!3d4.092226!4d9.7464093!16s%2Fg%2F11ghfp9yz2!19sChIJuQQ7NKYPYRARgjcrIECg1wE,http://complexesantalucia.com/,Data found,,3.9,3603,Supermarket,"Douala, Cameroon",+237 6 95 21 11 41,"https://www.google.com/maps/search/enterprises+in+bounamousadi+douala,+cameroon/@4.0919173,9.7315477,15z/data=!3m1!4b1?entry=ttu&g_ep=EgoyMDI0MTAwMi4xIKXMDSoASAFQAw%3D%3D",info@complexesantalucia.com,https://www.facebook.com/ComplexeSantaLuciaCameroun,https://www.instagram.com/complexe_santa_lucia/,https://x.com/SantaLucia237,https://www.linkedin.com/company/complexe-santa-lucia
Super U Bonamoussadi,https://www.google.com/maps/place/Super+U+Bonamoussadi/data=!4m7!3m6!1s0x10610de4af704ba9:0x598a66a7d2714e85!8m2!3d4.0865763!4d9.7354126!16s%2Fg%2F11gblf33t4!19sChIJqUtwr-QNYRARhU5x0qdmilk,,No website found,,3.7,1820,Supermarket,"Douala, Cameroon",+237 6 54 90 01 88,"https://www.google.com/maps/search/enterprises+in+bounamousadi+douala,+cameroon/@4.0919173,9.7315477,15z/data=!3m1!4b1?entry=ttu&g_ep=EgoyMDI0MTAwMi4xIKXMDSoASAFQAw%3D%3D",,,,,
"Ime - School, Douala","https://www.google.com/maps/place/Ime+-+School,+Douala/data=!4m7!3m6!1s0x10610de222c2478d:0xf8a70f810cbefa56!8m2!3d4.0906216!4d9.7395246!16s%2Fg%2F11dx8ys0v2!19sChIJjUfCIuINYRARVvq-DIEPp_g",http://www.ime-school.com/,Data found,,4.1,37,Business school,"15685, Douala, Cameroon",+237 6 79 78 10 93,"https://www.google.com/maps/search/enterprises+in+bounamousadi+douala,+cameroon/@4.0919173,9.7315477,15z/data=!3m1!4b1?entry=ttu&g_ep=EgoyMDI0MTAwMi4xIKXMDSoASAFQAw%3D%3D",infos@ime-school.com,https://www.facebook.com/ime.school,https://instagram.com/ime_school,,https://www.linkedin.com/company/ime-school2017/
Elite Company,"https://www.google.com/maps/place/Elite+Company/@4.0869205,9.7376888,17z/data=!3m1!4b1!4m6!3m5!1s0x10610d9c57ed1f7b:0x8d85caf96391d84d!8m2!3d4.0869205!4d9.7376888!16s%2Fg%2F11pdxww844",,No website found,,5.0,2,Car rental agency,"3PPQ+Q38, 4730, Douala, Cameroon",+237 6 96 48 89 37,"https://www.google.com/maps/search/enterprises+in+bounamousadi+douala,+cameroon/@4.0919173,9.7315477,15z/data=!3m1!4b1?entry=ttu&g_ep=EgoyMDI0MTAwMi4xIKXMDSoASAFQAw%3D%3D",,,,,
Supermarché Kado Bonamoussadi,https://www.google.com/maps/place/Supermarch%C3%A9+Kado+Bonamoussadi/data=!4m7!3m6!1s0x10610e09da0a978b:0x93c6f28b46b6444e!8m2!3d4.0921561!4d9.7379023!16s%2Fg%2F11dz7knpk5!19sChIJi5cK2gkOYRARTkS2RovyxpM,,No website found,,3.6,863,Supermarket,"3PRQ+V56, Douala, Cameroon",+237 6 79 50 70 37,"https://www.google.com/maps/search/enterprises+in+bounamousadi+douala,+cameroon/@4.0919173,9.7315477,15z/data=!3m1!4b1?entry=ttu&g_ep=EgoyMDI0MTAwMi4xIKXMDSoASAFQAw%3D%3D",,,,,
Njiadie Enterprise,https://www.google.com/maps/place/Njiadie+Enterprise/data=!4m7!3m6!1s0x10610d7213d79463:0xa8ed7e54e3927cf!8m2!3d4.0866687!4d9.7438881!16s%2Fg%2F11svrnh5k9!19sChIJY5TXE3INYRARzyc5TuXXjgo,,No website found,,5.0,1,Marketing agency,"Makepe Bloc L Carrefour Waka Waka, Douala, Cameroon",+237 6 93 91 27 01,"https://www.google.com/maps/search/enterprises+in+bounamousadi+douala,+cameroon/@4.0919173,9.7315477,15z/data=!3m1!4b1?entry=ttu&g_ep=EgoyMDI0MTAwMi4xIKXMDSoASAFQAw%3D%3D",,,,,
Cameroon car rentals,"https://www.google.com/maps/place/Cameroon+car+rentals/@4.0869497,9.7433847,17z/data=!3m1!4b1!4m6!3m5!1s0x10610d0f4af50743:0x35ff5347810b3a9c!8m2!3d4.0869497!4d9.7433847!16s%2Fg%2F11mvmxmncl",,No website found,,5.0,2,Car rental agency,"3PPV+Q9C carrefour etoo, Douala, Cameroon",+237 2 33 47 70 00,"https://www.google.com/maps/search/enterprises+in+bounamousadi+douala,+cameroon/@4.0919173,9.7315477,15z/data=!3m1!4b1?entry=ttu&g_ep=EgoyMDI0MTAwMi4xIKXMDSoASAFQAw%3D%3D",,,,,
KS ENTERPRISE SARL,"https://www.google.com/maps/place/KS+ENTERPRISE+SARL/@4.0891849,9.7428407,17z/data=!3m1!4b1!4m6!3m5!1s0x10610d169bbdc353:0xa0c43daf6ce9da67!8m2!3d4.0891849!4d9.7428407!16s%2Fg%2F11w927jmwn",,No website found,,,,Gym,"Douala, Cameroon",+237 6 97 79 01 38,"https://www.google.com/maps/search/enterprises+in+bounamousadi+douala,+cameroon/@4.0919173,9.7315477,15z/data=!3m1!4b1?entry=ttu&g_ep=EgoyMDI0MTAwMi4xIKXMDSoASAFQAw%3D%3D",,,,,
BAO cash and carry bonamoussadi,https://www.google.com/maps/place/BAO+cash+and+carry+bonamoussadi/data=!4m7!3m6!1s0x10610d2e4abbd641:0x36a9f4986342e7e2!8m2!3d4.0899082!4d9.7397278!16s%2Fg%2F11s34wmf2f!19sChIJQda7Si4NYRAR4udCY5j0qTY,,No website found,,3.7,131,Shopping mall,"Douala, Cameroon",+237 6 56 05 15 39,"https://www.google.com/maps/search/enterprises+in+bounamousadi+douala,+cameroon/@4.0919173,9.7315477,15z/data=!3m1!4b1?entry=ttu&g_ep=EgoyMDI0MTAwMi4xIKXMDSoASAFQAw%3D%3D",,,,,
CDS HUMAN RESOURCES LTD,https://www.google.com/maps/place/CDS+HUMAN+RESOURCES+LTD/data=!4m7!3m6!1s0x10610d7a4bcd67b9:0xe3e0bf886dfe61d7!8m2!3d4.0868227!4d9.7356154!16s%2Fg%2F11gxjy268v!19sChIJuWfNS3oNYRAR12H-bYi_4OM,,No website found,,4.5,15,Recruiter,"immeuble UBA, Recruitment agency, payroll and Manpower supply services Avenue des banques bonamoussadi premier etage, Douala, Cameroon",+237 2 33 47 70 01,"https://www.google.com/maps/search/enterprises+in+bounamousadi+douala,+cameroon/@4.0919173,9.7315477,15z/data=!3m1!4b1?entry=ttu&g_ep=EgoyMDI0MTAwMi4xIKXMDSoASAFQAw%3D%3D",,,,,
COGENI Bonamoussadi,https://www.google.com/maps/place/COGENI+Bonamoussadi/data=!4m7!3m6!1s0x10610de0ffffffff:0x1a3646f16f30fd2!8m2!3d4.0846047!4d9.7336794!16s%2Fg%2F11dxq8sxgz!19sChIJ_____-ANYRAR0g_zFm9kowE,https://www.cogenicam.com/web/en/,Data found,,3.7,59,Building materials store,"Bonamoussadi, Sable Rond Point Maetur, Douala, Cameroon",+237 6 71 34 04 31,"https://www.google.com/maps/search/enterprises+in+bounamousadi+douala,+cameroon/@4.0919173,9.7315477,15z/data=!3m1!4b1?entry=ttu&g_ep=EgoyMDI0MTAwMi4xIKXMDSoASAFQAw%3D%3D",scecommercial@cogenicam.com,https://www.facebook.com/Cogenicameroun,https://www.instagram.com/cogenicameroun/,,
Crown Enterprise,"https://www.google.com/maps/place/Crown+Enterprise/@4.0970721,9.7369984,17z/data=!3m1!4b1!4m6!3m5!1s0x10610f2c1131f907:0xd219b654abf37db0!8m2!3d4.0970721!4d9.7369984!16s%2Fg%2F11pz8n_wth",,No website found,,1.0,1,General contractor,"3PWP+RQH, Douala, Cameroon",+237 6 95 06 94 93,"https://www.google.com/maps/search/enterprises+in+bounamousadi+douala,+cameroon/@4.0919173,9.7315477,15z/data=!3m1!4b1?entry=ttu&g_ep=EgoyMDI0MTAwMi4xIKXMDSoASAFQAw%3D%3D",,,,,
"Tradex Bonamoussadi, Douala","https://www.google.com/maps/place/Tradex+Bonamoussadi,+Douala/data=!4m7!3m6!1s0x10610de2e4e2451f:0xb66392407cee2668!8m2!3d4.0897292!4d9.7363892!16s%2Fg%2F1tl6nkg7!19sChIJH0Xi5OINYRARaCbufECSY7Y",http://www.tradexsa.com/,Data found,,3.6,240,Gas station,"3PRP+4J6, Douala, Cameroon",,"https://www.google.com/maps/search/enterprises+in+bounamousadi+douala,+cameroon/@4.0919173,9.7315477,15z/data=!3m1!4b1?entry=ttu&g_ep=EgoyMDI0MTAwMi4xIKXMDSoASAFQAw%3D%3D",tradex@tradexsa.com,https://www.facebook.com/groupetradex,,https://twitter.com/tradex_sa,https://cm.linkedin.com/company/tradex-sa
LeRoux Services,https://www.google.com/maps/place/LeRoux+Services/data=!4m7!3m6!1s0x10610f6966045f7f:0xe9bc6ad148b54b9b!8m2!3d4.0926336!4d9.738448!16s%2Fg%2F11lcr3_fjn!19sChIJf18EZmkPYRARm0u1SNFqvOk,,No website found,,,,Business to business service,"5150, Douala, Cameroon",+237 6 74 72 78 52,"https://www.google.com/maps/search/enterprises+in+bounamousadi+douala,+cameroon/@4.0919173,9.7315477,15z/data=!3m1!4b1?entry=ttu&g_ep=EgoyMDI0MTAwMi4xIKXMDSoASAFQAw%3D%3D",,,,,
PHP CAR RENT,https://www.google.com/maps/place/PHP+CAR+RENT/data=!4m7!3m6!1s0x10610ded84600bd7:0x4218072a3a2ef821!8m2!3d4.0835442!4d9.732596!16s%2Fg%2F11h0zb_vff!19sChIJ1wtghO0NYRARIfguOioHGEI,,No website found,,4.9,29,Car rental agency,"Total 2 Maetur En face de Total 2 Maetur, BP 5426, Douala, Cameroon",+237 6 99 25 54 15,"https://www.google.com/maps/search/enterprises+in+bounamousadi+douala,+cameroon/@4.0919173,9.7315477,15z/data=!3m1!4b1?entry=ttu&g_ep=EgoyMDI0MTAwMi4xIKXMDSoASAFQAw%3D%3D",,,,,
SOREPCO EMERAUDE Bonamoussadi,https://www.google.com/maps/place/SOREPCO+EMERAUDE+Bonamoussadi/data=!4m7!3m6!1s0x10610de455d0f809:0xc7e72e54e070aca0!8m2!3d4.0844922!4d9.7373417!16s%2Fg%2F11df7k0sy9!19sChIJCfjQVeQNYRARoKxw4FQu58c,http://www.groupesorepco.com/thelia2/web/?lang=fr,Data found,,4.5,12,Iron ware dealer,"3PQV+M4G, Douala, Cameroon",+237 6 99 82 67 26,"https://www.google.com/maps/search/enterprises+in+bounamousadi+douala,+cameroon/@4.0919173,9.7315477,15z/data=!3m1!4b1?entry=ttu&g_ep=EgoyMDI0MTAwMi4xIKXMDSoASAFQAw%3D%3D",feedback@tiktok.com,,,,
EntreprendreFacile.cm,https://www.google.com/maps/place/EntreprendreFacile.cm/data=!4m7!3m6!1s0x10610d7ad8b9d381:0x2b49680b2db5db46!8m2!3d4.096268!4d9.7431844!16s%2Fg%2F11lr9d84rg!19sChIJgdO52HoNYRARRtu1LQtoSSs,https://entreprendrefacile.cm/,Data found,,5.0,6,Business to business service,"Carrefour le kostit, Bonamoussadi, bloc j, 15553, Douala, Cameroon",+237 6 91 30 31 12,"https://www.google.com/maps/search/enterprises+in+bounamousadi+douala,+cameroon/@4.0919173,9.7315477,15z/data=!3m1!4b1?entry=ttu&g_ep=EgoyMDI0MTAwMi4xIKXMDSoASAFQAw%3D%3D",support@entreprendrefacile.cm,https://www.facebook.com/EntreprendreFacile.cm,https://www.instagram.com/entreprendre_facile/,,https://www.linkedin.com/company/34925439/admin/feed/posts/
Gold business,https://www.google.com/maps/place/Gold+business/data=!4m7!3m6!1s0x10610f216d77cc73:0xba05a527da88bbdb!8m2!3d4.0969389!4d9.7474659!16s%2Fg%2F11fpr3dlp9!19sChIJc8x3bSEPYRAR27uI2ielBbo,,No website found,,5.0,1,Gold mining company,"Carifou jorojust, Douala, Cameroon",+237 6 54 91 25 74,"https://www.google.com/maps/search/enterprises+in+bounamousadi+douala,+cameroon/@4.0919173,9.7315477,15z/data=!3m1!4b1?entry=ttu&g_ep=EgoyMDI0MTAwMi4xIKXMDSoASAFQAw%3D%3D",,,,,
ESKISS Mode,https://www.google.com/maps/place/ESKISS+Mode/data=!4m7!3m6!1s0x10610de15433b9c7:0x1f6ac94e8e05c7d2!8m2!3d4.0870146!4d9.7402262!16s%2Fg%2F11g022fg6s!19sChIJx7kzVOENYRAR0scFjk7Jah8,http://linktr.ee/eskissmode,Data found,,4.2,51,Boutique,"12823, Douala, Cameroon",+237 6 90 10 50 10,"https://www.google.com/maps/search/enterprises+in+bounamousadi+douala,+cameroon/@4.0919173,9.7315477,15z/data=!3m1!4b1?entry=ttu&g_ep=EgoyMDI0MTAwMi4xIKXMDSoASAFQAw%3D%3D",,http://facebook.com/eskissmode,https://instagram.com/linktr.ee,https://twitter.com/ESKISS_Mode,http://linkedin.com/company/eskiss-mode
F-ENTERPRISES CAR RENT,https://www.google.com/maps/place/F-ENTERPRISES+CAR+RENT/data=!4m7!3m6!1s0x10610d4ff13de317:0x6b8384576eeeef2f!8m2!3d4.0793634!4d9.7260076!16s%2Fg%2F11fkqzd7s_!19sChIJF-M98U8NYRARL-_ubleEg2s,http://www.f-enterprises237.com/,Data found,,4.0,1,Corporate office,"SERENA HOTEL, RUE 5N046 SABLE AKWA NORD EN FACE DE, Douala, Cameroon",+237 6 99 25 54 15,"https://www.google.com/maps/search/enterprises+in+bounamousadi+douala,+cameroon/@4.0919173,9.7315477,15z/data=!3m1!4b1?entry=ttu&g_ep=EgoyMDI0MTAwMi4xIKXMDSoASAFQAw%3D%3D",info@f-enterprises237.com,https://www.facebook.com/CartRent237/,,https://twitter.com/,
Eaghhel Packaging,https://www.google.com/maps/place/Eaghhel+Packaging/data=!4m7!3m6!1s0x1061139a45f44df1:0xa73f5308a315b7d5!8m2!3d4.0835064!4d9.7213174!16s%2Fg%2F11q2sdpcqq!19sChIJ8U30RZoTYRAR1bcVowhTP6c,,No website found,,5.0,1,Packaging supply store,"Douala, Cameroon",+237 6 78 66 94 93,"https://www.google.com/maps/search/enterprises+in+bounamousadi+douala,+cameroon/@4.0919173,9.7315477,15z/data=!3m1!4b1?entry=ttu&g_ep=EgoyMDI0MTAwMi4xIKXMDSoASAFQAw%3D%3D",,,,,
Scoppar,https://www.google.com/maps/place/Scoppar/data=!4m7!3m6!1s0x10610d3ca60e484d:0xe7ff6775f94b469c!8m2!3d4.0757796!4d9.7465209!16s%2Fg%2F11ldwxvb0r!19sChIJTUgOpjwNYRARnEZL-XVn_-c,https://scoppar.com/,Data found,,5.0,1,E commerce agency,"Douala makepe orange, Douala, Cameroon",+237 6 93 00 00 27,"https://www.google.com/maps/search/enterprises+in+bounamousadi+douala,+cameroon/@4.0919173,9.7315477,15z/data=!3m1!4b1?entry=ttu&g_ep=EgoyMDI0MTAwMi4xIKXMDSoASAFQAw%3D%3D",info@scoppar.com,http://facebook.com/scoppar,,,
Super ET-TA print,https://www.google.com/maps/place/Super+ET-TA+print/data=!4m7!3m6!1s0x10610d01db53410f:0xd97cf62e0b55e009!8m2!3d4.0891849!4d9.7428407!16s%2Fg%2F11wj5jmmyr!19sChIJD0FT2wENYRARCeBVCy72fNk,,No website found,,3.0,1,Print shop,"696170301, s/cBP933 bonamoussadi santababara 671240554, Douala, Cameroon",+237 6 96 17 03 01,"https://www.google.com/maps/search/enterprises+in+bounamousadi+douala,+cameroon/@4.0919173,9.7315477,15z/data=!3m1!4b1?entry=ttu&g_ep=EgoyMDI0MTAwMi4xIKXMDSoASAFQAw%3D%3D",,,,,
Kamer Vape Shop - Bonamoussadi,https://www.google.com/maps/place/Kamer+Vape+Shop+-+Bonamoussadi/data=!4m7!3m6!1s0x10610dabf34b4489:0x9e943186bdf51a25!8m2!3d4.0882674!4d9.7414607!16s%2Fg%2F11rpdj8_4h!19sChIJiURL86sNYRARJRr1vYYxlJ4,,No website found,,5.0,1,Vaporizer store,"3PQR+8H2, Douala, Cameroon",+237 6 98 26 28 73,"https://www.google.com/maps/search/enterprises+in+bounamousadi+douala,+cameroon/@4.0919173,9.7315477,15z/data=!3m1!4b1?entry=ttu&g_ep=EgoyMDI0MTAwMi4xIKXMDSoASAFQAw%3D%3D",,,,,
Ébène Biz,https://www.google.com/maps/place/%C3%89b%C3%A8ne+Biz/data=!4m7!3m6!1s0x1061128b2c789cd7:0xa624ab555725f740!8m2!3d4.0891422!4d9.7410614!16s%2Fg%2F11hc_2z720!19sChIJ15x4LIsSYRARQPclV1WrJKY,,No website found,,3.4,7,Consignment shop,"Douala, Cameroon",+237 6 97 43 02 06,"https://www.google.com/maps/search/enterprises+in+bounamousadi+douala,+cameroon/@4.0919173,9.7315477,15z/data=!3m1!4b1?entry=ttu&g_ep=EgoyMDI0MTAwMi4xIKXMDSoASAFQAw%3D%3D",,,,,
NKIDEL BUSINESS,https://www.google.com/maps/place/NKIDEL+BUSINESS/data=!4m7!3m6!1s0x10610d4f0f116b0b:0x97271afbc8e20bac!8m2!3d4.0763603!4d9.7468792!16s%2Fg%2F11rfdbpt_v!19sChIJC2sRD08NYRARrAviyPsaJ5c,http://nkidel.com/,Data found,,4.3,9,Toy store,"orange, makepe en Face de la direction technique, Douala, Cameroon",+237 6 56 11 14 44,"https://www.google.com/maps/search/enterprises+in+bounamousadi+douala,+cameroon/@4.0919173,9.7315477,15z/data=!3m1!4b1?entry=ttu&g_ep=EgoyMDI0MTAwMi4xIKXMDSoASAFQAw%3D%3D",hello@nkidel.com,,,,
OpenHub Consulting Ltd,https://www.google.com/maps/place/OpenHub+Consulting+Ltd/data=!4m7!3m6!1s0x10610d3143ea58c9:0x3055799679eaa922!8m2!3d4.0919833!4d9.7455165!16s%2Fg%2F11h_f5n0hl!19sChIJyVjqQzENYRARIqnqeZZ5VTA,https://openhubdigital.com/,Data found,,5.0,3,Business center,"Douala, Cameroon",+237 6 99 42 19 47,"https://www.google.com/maps/search/enterprises+in+bounamousadi+douala,+cameroon/@4.0919173,9.7315477,15z/data=!3m1!4b1?entry=ttu&g_ep=EgoyMDI0MTAwMi4xIKXMDSoASAFQAw%3D%3D",abc@xyz.com,,,,
"denver bonamoussadi, Douala","https://www.google.com/maps/place/denver+bonamoussadi,+Douala/data=!4m7!3m6!1s0x10610d6922e416b5:0x7eb44114d6d07f5d!8m2!3d4.0895329!4d9.7421464!16s%2Fg%2F11v6zk14zz!19sChIJtRbkImkNYRARXX_Q1hRBtH4",,No website found,,5.0,2,Transportation service,"3M2W+5GG, Douala, Cameroon",,"https://www.google.com/maps/search/enterprises+in+bounamousadi+douala,+cameroon/@4.0919173,9.7315477,15z/data=!3m1!4b1?entry=ttu&g_ep=EgoyMDI0MTAwMi4xIKXMDSoASAFQAw%3D%3D",,,,,
Maetur Bonamoussadi,https://www.google.com/maps/place/Maetur+Bonamoussadi/data=!4m7!3m6!1s0x10610de4b82b5e8b:0xafa301a8906ed382!8m2!3d4.0857172!4d9.7351735!16s%2Fg%2F11cs2wvqs9!19sChIJi14ruOQNYRARgtNukKgBo68,,No website found,,3.7,42,Property management company,"3PPP+73M, Douala, Cameroon",,"https://www.google.com/maps/search/enterprises+in+bounamousadi+douala,+cameroon/@4.0919173,9.7315477,15z/data=!3m1!4b1?entry=ttu&g_ep=EgoyMDI0MTAwMi4xIKXMDSoASAFQAw%3D%3D",,,,,
Marché bonamoussadi,https://www.google.com/maps/place/March%C3%A9+bonamoussadi/data=!4m7!3m6!1s0x10610d03b259261b:0x8fa695fc0715d7f0!8m2!3d4.0889939!4d9.7428016!16s%2Fg%2F11ns0x4y57!19sChIJGyZZsgMNYRAR8NcVB_yVpo8,http://molahadimitriover-blogcom.over-blog.com/,No data found,,4.0,39,Shopping mall,"3PQV+H4V, Douala, Cameroon",,"https://www.google.com/maps/search/enterprises+in+bounamousadi+douala,+cameroon/@4.0919173,9.7315477,15z/data=!3m1!4b1?entry=ttu&g_ep=EgoyMDI0MTAwMi4xIKXMDSoASAFQAw%3D%3D",,,,,
"Santa Lucia, Akwa Nord","https://www.google.com/maps/place/Santa+Lucia,+Akwa+Nord/data=!4m7!3m6!1s0x106112089b1ef829:0x2f45556c01f64d1a!8m2!3d4.0813686!4d9.7198517!16s%2Fg%2F11g6ty5jqz!19sChIJKfgemwgSYRARGk32AWxVRS8",http://www.complexesantalucia.com/,Data found,,3.6,1263,Supermarket,"Unnamed Road, Douala, Cameroon",+237 6 94 30 46 72,"https://www.google.com/maps/search/enterprises+in+bounamousadi+douala,+cameroon/@4.0919173,9.7315477,15z/data=!3m1!4b1?entry=ttu&g_ep=EgoyMDI0MTAwMi4xIKXMDSoASAFQAw%3D%3D",info@complexesantalucia.com,https://www.facebook.com/ComplexeSantaLuciaCameroun,https://www.instagram.com/complexe_santa_lucia/,https://x.com/SantaLucia237,https://www.linkedin.com/company/complexe-santa-lucia
ROND POINT MAETUR BONAMOUSSADI,https://www.google.com/maps/place/ROND+POINT+MAETUR+BONAMOUSSADI/data=!4m7!3m6!1s0x10610d31dff99ccf:0xb00446180ba3cf98!8m2!3d4.0855821!4d9.7341362!16s%2Fg%2F11sqnvg6tl!19sChIJz5z53zENYRARmM-jCxhGBLA,,No website found,,4.0,118,Garden,"Douala, Cameroon",+237 6 98 13 79 59,"https://www.google.com/maps/search/enterprises+in+bounamousadi+douala,+cameroon/@4.0919173,9.7315477,15z/data=!3m1!4b1?entry=ttu&g_ep=EgoyMDI0MTAwMi4xIKXMDSoASAFQAw%3D%3D",,,,,
Engie Soft,https://www.google.com/maps/place/Engie+Soft/data=!4m7!3m6!1s0x10610dc176605e7f:0xe72309ccc20323d7!8m2!3d4.0936241!4d9.7408921!16s%2Fg%2F11h5_b9447!19sChIJf15gdsENYRAR1yMDwswJI-c,https://engie-soft.com/,Data found,,4.6,5,Software company,"3PVR+P8 Douala Avant école publique de Bonamoussadi, Douala, Cameroon",+237 2 33 47 89 79,"https://www.google.com/maps/search/enterprises+in+bounamousadi+douala,+cameroon/@4.0919173,9.7315477,15z/data=!3m1!4b1?entry=ttu&g_ep=EgoyMDI0MTAwMi4xIKXMDSoASAFQAw%3D%3D",%20contact@engie-soft.com,https://www.facebook.com/engiesoft/,https://www.instagram.com/engie_soft/,,https://www.linkedin.com/company/engie-soft/
Global Bush Travel and tourism Agency,https://www.google.com/maps/place/Global+Bush+Travel+and+tourism+Agency/data=!4m7!3m6!1s0x10610de0d1086e15:0xb5e5d11810521212!8m2!3d4.087151!4d9.7433642!16s%2Fg%2F11cn7wmlt5!19sChIJFW4I0eANYRAREhJSEBjR5bU,,No website found,,3.5,46,Travel agency,"travel and tourism agency Carrefour Samuel eto,o fils Bonamoussadi Douala, Douala, Cameroon",+237 2 33 47 70 00,"https://www.google.com/maps/search/enterprises+in+bounamousadi+douala,+cameroon/@4.0919173,9.7315477,15z/data=!3m1!4b1?entry=ttu&g_ep=EgoyMDI0MTAwMi4xIKXMDSoASAFQAw%3D%3D",,,,,
Afrik'in,https://www.google.com/maps/place/Afrik%27in/data=!4m7!3m6!1s0x10610d3fc1771bab:0x6d56df355325d1c2!8m2!3d4.0902141!4d9.7464618!16s%2Fg%2F11fjb2b372!19sChIJqxt3wT8NYRARwtElUzXfVm0,,No website found,,5.0,4,Marketing agency,"direction générale des impôts, Bonamoussadi, Douala, Cameroon Vers la, Douala, Cameroon",+237 6 56 60 57 16,"https://www.google.com/maps/search/enterprises+in+bounamousadi+douala,+cameroon/@4.0919173,9.7315477,15z/data=!3m1!4b1?entry=ttu&g_ep=EgoyMDI0MTAwMi4xIKXMDSoASAFQAw%3D%3D",,,,,
Groupe bentley,https://www.google.com/maps/place/Groupe+bentley/data=!4m7!3m6!1s0x10610dd6204d3b91:0xd14b80f200bede6a!8m2!3d4.083223!4d9.7533322!16s%2Fg%2F11pcpr8gx8!19sChIJkTtNINYNYRARat6-APKAS9E,https://www.groupebentley.com/,Data found,,5.0,7,Business management consultant,"Makepe Rhône Poulenc, Douala, Cameroon",+237 6 71 37 31 01,"https://www.google.com/maps/search/enterprises+in+bounamousadi+douala,+cameroon/@4.0919173,9.7315477,15z/data=!3m1!4b1?entry=ttu&g_ep=EgoyMDI0MTAwMi4xIKXMDSoASAFQAw%3D%3D",info@groupebentley.com,,,,
zati constructions agence bonamoussadi-sable,https://www.google.com/maps/place/zati+constructions+agence+bonamoussadi-sable/data=!4m7!3m6!1s0x10610db401f74327:0x1e7f8ed9146d7f41!8m2!3d4.0834174!4d9.7315596!16s%2Fg%2F11pzs52pwf!19sChIJJ0P3AbQNYRARQX9tFNmOfx4,http://www.zati-constructions.com/,No data found,,3.4,8,Commercial agent,"Bonamoussadi-sable, Douala, Cameroon",+237 6 91 20 55 56,"https://www.google.com/maps/search/enterprises+in+bounamousadi+douala,+cameroon/@4.0919173,9.7315477,15z/data=!3m1!4b1?entry=ttu&g_ep=EgoyMDI0MTAwMi4xIKXMDSoASAFQAw%3D%3D",,,,,
"FIRST PAINT Douala, cameroon","https://www.google.com/maps/place/FIRST+PAINT+Douala,+cameroon/data=!4m7!3m6!1s0x10610f2848c89ded:0xc4a23453abe923b!8m2!3d4.1000555!4d9.753326!16s%2Fg%2F11m9_myz67!19sChIJ7Z3ISCgPYRARO5K-OkUjSgw",,No website found,,3.5,4,Paint store,"4Q23+28G, Douala, Cameroon",+237 6 56 59 11 71,"https://www.google.com/maps/search/enterprises+in+bounamousadi+douala,+cameroon/@4.0919173,9.7315477,15z/data=!3m1!4b1?entry=ttu&g_ep=EgoyMDI0MTAwMi4xIKXMDSoASAFQAw%3D%3D",,,,,
Day To Day Lifestyle.cm,https://www.google.com/maps/place/Day+To+Day+Lifestyle.cm/data=!4m7!3m6!1s0x10610ffe1a8f16e3:0x5ab0b64267a88d61!8m2!3d4.0933397!4d9.7382479!16s%2Fg%2F11spwfq2v_!19sChIJ4xaPGv4PYRARYY2oZ0K2sFo,,No website found,,4.9,11,Furniture store,"Marche de Bonamoussadi, Douala, Cameroon",+237 6 74 86 08 77,"https://www.google.com/maps/search/enterprises+in+bounamousadi+douala,+cameroon/@4.0919173,9.7315477,15z/data=!3m1!4b1?entry=ttu&g_ep=EgoyMDI0MTAwMi4xIKXMDSoASAFQAw%3D%3D",,,,,
Quifeurou Plus Bonamoussadi,https://www.google.com/maps/place/Quifeurou+Plus+Bonamoussadi/data=!4m7!3m6!1s0x10610d576a0106d7:0x62353d380b5e6906!8m2!3d4.0845622!4d9.7362729!16s%2Fg%2F11fj5lhvpc!19sChIJ1wYBalcNYRARBmleCzg9NWI,,No website found,,3.7,18,Hardware store,"3PMP+RGC, Douala, Cameroon",,"https://www.google.com/maps/search/enterprises+in+bounamousadi+douala,+cameroon/@4.0919173,9.7315477,15z/data=!3m1!4b1?entry=ttu&g_ep=EgoyMDI0MTAwMi4xIKXMDSoASAFQAw%3D%3D",,,,,
"MTN Cameroon, Bonamoussadi Service Center","https://www.google.com/maps/place/MTN+Cameroon,+Bonamoussadi+Service+Center/data=!4m7!3m6!1s0x10610e09d75e8003:0x7d23f04a6c7e668d!8m2!3d4.0922983!4d9.7389169!16s%2Fg%2F11bbrk66xl!19sChIJA4Be1wkOYRARjWZ-bErwI30",,No website found,,3.6,326,Telephone company,"Douala, Cameroon",+237 6 76 30 87 10,"https://www.google.com/maps/search/enterprises+in+bounamousadi+douala,+cameroon/@4.0919173,9.7315477,15z/data=!3m1!4b1?entry=ttu&g_ep=EgoyMDI0MTAwMi4xIKXMDSoASAFQAw%3D%3D",,,,,
Stokiste longrich bonamoussadi,https://www.google.com/maps/place/Stokiste+longrich+bonamoussadi/data=!4m7!3m6!1s0x10610fe6d2e984d3:0xb513da152ae9b7c1!8m2!3d4.0950625!4d9.7369375!16s%2Fg%2F11nn3nk069!19sChIJ04Tp0uYPYRARwbfpKhXaE7U,,No website found,,5.0,2,Fashion accessories store,"Douala, Cameroon",+237 6 93 26 15 41,"https://www.google.com/maps/search/enterprises+in+bounamousadi+douala,+cameroon/@4.0919173,9.7315477,15z/data=!3m1!4b1?entry=ttu&g_ep=EgoyMDI0MTAwMi4xIKXMDSoASAFQAw%3D%3D",,,,,
MTN Carrefour Market Bonamoussadi,https://www.google.com/maps/place/MTN+Carrefour+Market+Bonamoussadi/data=!4m7!3m6!1s0x10610f1c549a7505:0xf1ec4399dc59c2ac!8m2!3d4.0965802!4d9.7361602!16s%2Fg%2F11qn7bdvhy!19sChIJBXWaVBwPYRARrMJZ3JlD7PE,http://www.mtn.cm/,No data found,,3.7,6,Electronics store,"3PWP+JFM, Unnamed Road, Douala, Cameroon",,"https://www.google.com/maps/search/enterprises+in+bounamousadi+douala,+cameroon/@4.0919173,9.7315477,15z/data=!3m1!4b1?entry=ttu&g_ep=EgoyMDI0MTAwMi4xIKXMDSoASAFQAw%3D%3D",,,,,
EKOOLO.CM,https://www.google.com/maps/place/EKOOLO.CM/data=!4m7!3m6!1s0x1061128be2e1fe6d:0xd476d2abe5436788!8m2!3d4.0887842!4d9.7413503!16s%2Fg%2F1ptzsbh34!19sChIJbf7h4osSYRARiGdD5avSdtQ,http://www.ekoolo.cm/,Data found,,3.2,68,Store,"Pb 24171 douala, Douala, Cameroon",+237 6 51 79 72 97,"https://www.google.com/maps/search/enterprises+in+bounamousadi+douala,+cameroon/@4.0919173,9.7315477,15z/data=!3m1!4b1?entry=ttu&g_ep=EgoyMDI0MTAwMi4xIKXMDSoASAFQAw%3D%3D",contact@ekaoloshop.cm,https://www.facebook.com/people/Kao-lo-shop/100087885047130/,,https://twitter.com/ekoolo_shop,https://www.linkedin.com/in/shop-ekoolo-818188195/
Arc-construction,"https://www.google.com/maps/place/Arc-construction/@4.0891849,9.7428407,17z/data=!3m1!4b1!4m6!3m5!1s0x10610de0ffffffff:0x743beb59ce259225!8m2!3d4.0891849!4d9.7428407!16s%2Fg%2F11c1p61q7w",,No website found,,5.0,1,Electronics store,"3PQV+M4G, Douala, Cameroon",+237 6 97 16 69 60,"https://www.google.com/maps/search/enterprises+in+bounamousadi+douala,+cameroon/@4.0919173,9.7315477,15z/data=!3m1!4b1?entry=ttu&g_ep=EgoyMDI0MTAwMi4xIKXMDSoASAFQAw%3D%3D",,,,,
Forever Living Products Cameroon,https://www.google.com/maps/place/Forever+Living+Products+Cameroon/data=!4m7!3m6!1s0x10610de5cbfdfddf:0x233c4c23610cd59d!8m2!3d4.0838731!4d9.7389226!16s%2Fg%2F11c481d_n4!19sChIJ3_39y-UNYRARndUMYSNMPCM,http://www.new-chance.com/,Data found,,3.8,75,Health food store,"Douala, Cameroon",+237 2 33 47 24 48,"https://www.google.com/maps/search/enterprises+in+bounamousadi+douala,+cameroon/@4.0919173,9.7315477,15z/data=!3m1!4b1?entry=ttu&g_ep=EgoyMDI0MTAwMi4xIKXMDSoASAFQAw%3D%3D",,https://www.facebook.com/foreverglobalhq,https://www.instagram.com/ForeverGlobalHQ/,https://twitter.com/ForeverGlobalHQ,
ISFA Light,https://www.google.com/maps/place/ISFA+Light/data=!4m7!3m6!1s0x10610d0fcd8f6cf7:0x40fd1c0782486096!8m2!3d4.0858125!4d9.7411875!16s%2Fg%2F11tfzkq7vm!19sChIJ92yPzQ8NYRARlmBIggcc_UA,https://www.isfalight.com/,Data found,,4.8,17,Lighting store,"3PPR+8FX, Douala, Cameroon",+237 6 76 85 43 55,"https://www.google.com/maps/search/enterprises+in+bounamousadi+douala,+cameroon/@4.0919173,9.7315477,15z/data=!3m1!4b1?entry=ttu&g_ep=EgoyMDI0MTAwMi4xIKXMDSoASAFQAw%3D%3D",supportclient@isfalight.com,https://www.facebook.com/luminairedivers,,,
"Appartements Meublés Douala ""Terminus Bonamoussadi""",https://www.google.com/maps/place/Appartements+Meubl%C3%A9s+Douala+%22Terminus+Bonamoussadi%22/data=!4m7!3m6!1s0x10610f5ce0698b07:0xb85dd3698b333e65!8m2!3d4.0987569!4d9.7369339!16s%2Fg%2F11ft1_hxg2!19sChIJB4tp4FwPYRARZT4zi2nTXbg,https://appartement-meuble-douala.com/,Data found,,2.5,2,Furnished apartment building,"Terminus, Douala, Cameroon",+237 6 95 17 04 05,"https://www.google.com/maps/search/enterprises+in+bounamousadi+douala,+cameroon/@4.0919173,9.7315477,15z/data=!3m1!4b1?entry=ttu&g_ep=EgoyMDI0MTAwMi4xIKXMDSoASAFQAw%3D%3D",appartdouala@gmail.com,https://web.facebook.com/appartdoauala,,,
K & K Enterprise and services SARL,https://www.google.com/maps/place/K+%26+K+Enterprise+and+services+SARL/data=!4m7!3m6!1s0x10610f6626005217:0x5633804bdc8e2392!8m2!3d4.0539374!4d9.7268902!16s%2Fg%2F11j385lt0j!19sChIJF1IAJmYPYRARkiOO3EuAM1Y,,No website found,,5.0,1,Food processing company,"Bonabo, Douala, Cameroon",+237 6 76 70 70 01,"https://www.google.com/maps/search/enterprises+in+bounamousadi+douala,+cameroon/@4.0919173,9.7315477,15z/data=!3m1!4b1?entry=ttu&g_ep=EgoyMDI0MTAwMi4xIKXMDSoASAFQAw%3D%3D",,,,,
Cabinet dentaire P Dental Clinic,https://www.google.com/maps/place/Cabinet+dentaire+P+Dental+Clinic/data=!4m7!3m6!1s0x10610d9b3aeb3441:0xf996c0fe1f86597f!8m2!3d4.0869601!4d9.7434619!16s%2Fg%2F11hm5fq2n5!19sChIJQTTrOpsNYRARf1mGH_7Alvk,https://www.pdentalclinicc.com/,Data found,,4.2,9,Dental clinic,"Active Cabinet dentaire, teeth whitening, teeth removal teeth cleaning Carrefour Samuel Eto,o Fils Bonamoussadi Douala, Douala, Cameroon",+237 6 51 34 44 44,"https://www.google.com/maps/search/enterprises+in+bounamousadi+douala,+cameroon/@4.0919173,9.7315477,15z/data=!3m1!4b1?entry=ttu&g_ep=EgoyMDI0MTAwMi4xIKXMDSoASAFQAw%3D%3D",info@pdentalclinic.com,https://www.facebook.com/pdentalclinicc,https://instagram.com/pdentalclinic,https://twitter.com/PDentalClinic1,https://www.linkedin.com/company/pdentalclinic
BRAND and CLASS - CAMEROON,https://www.google.com/maps/place/BRAND+and+CLASS+-+CAMEROON/data=!4m7!3m6!1s0x10610deddb733d07:0xc9a28dac6f9c508d!8m2!3d4.0912865!4d9.7418816!16s%2Fg%2F11kh9m5047!19sChIJBz1z2-0NYRARjVCcb6yNosk,,No website found,,,,E-commerce service,"Behind Tchop et Yamo Restaurant, Douala, Cameroon",+237 6 51 51 03 35,"https://www.google.com/maps/search/enterprises+in+bounamousadi+douala,+cameroon/@4.0919173,9.7315477,15z/data=!3m1!4b1?entry=ttu&g_ep=EgoyMDI0MTAwMi4xIKXMDSoASAFQAw%3D%3D",,,,,
MK World Business Corporation,"https://www.google.com/maps/place/MK+World+Business+Corporation/@4.0847196,9.7485498,17z/data=!3m1!4b1!4m6!3m5!1s0x10610ddc4d870285:0x2bc32f31aad45403!8m2!3d4.0847196!4d9.7485498!16s%2Fg%2F11hcjz8yfm",http://www.mk-wbc.com/,Data found,,4.0,2,Council,"3PMX+VCM, Douala, Cameroon",+237 2 33 47 28 48,"https://www.google.com/maps/search/enterprises+in+bounamousadi+douala,+cameroon/@4.0919173,9.7315477,15z/data=!3m1!4b1?entry=ttu&g_ep=EgoyMDI0MTAwMi4xIKXMDSoASAFQAw%3D%3D",infos@mk-wbc.com,https://www.facebook.com/MKWBC/,,,https://www.linkedin.com/in/mk-wbc/
Media shop & services,https://www.google.com/maps/place/Media+shop+%26+services/data=!4m7!3m6!1s0x10610de024041e65:0x3757b270cf4dfac6!8m2!3d4.0914654!4d9.7439217!16s%2Fg%2F11g814sxy_!19sChIJZR4EJOANYRARxvpNz3CyVzc,,No website found,,4.0,2,Computer store,"Douala, Cameroon",+237 6 96 30 27 44,"https://www.google.com/maps/search/enterprises+in+bounamousadi+douala,+cameroon/@4.0919173,9.7315477,15z/data=!3m1!4b1?entry=ttu&g_ep=EgoyMDI0MTAwMi4xIKXMDSoASAFQAw%3D%3D",,,,,
E And B Business,"https://www.google.com/maps/place/E+And+B+Business/@4.0891849,9.7428407,17z/data=!3m1!4b1!4m6!3m5!1s0x10610d5f9da9e557:0x3074e423e4e5b011!8m2!3d4.0891849!4d9.7428407!16s%2Fg%2F11kf3fpx4h",,No website found,,,,Construction company,"sable, Douala, Cameroon",,"https://www.google.com/maps/search/enterprises+in+bounamousadi+douala,+cameroon/@4.0919173,9.7315477,15z/data=!3m1!4b1?entry=ttu&g_ep=EgoyMDI0MTAwMi4xIKXMDSoASAFQAw%3D%3D",,,,,
Mc International Business Ac@Demy,https://www.google.com/maps/place/Mc+International+Business+Ac@Demy/data=!4m7!3m6!1s0x10610d6031985a0f:0x31b79170e51ac229!8m2!3d4.0832536!4d9.7483097!16s%2Fg%2F11jks8k85f!19sChIJD1qYMWANYRARKcIa5XCRtzE,https://business.mc-investmentgroup.com/,No data found,,4.8,56,School,"3PMX+883, Douala, Cameroon",+237 6 58 52 44 69,"https://www.google.com/maps/search/enterprises+in+bounamousadi+douala,+cameroon/@4.0919173,9.7315477,15z/data=!3m1!4b1?entry=ttu&g_ep=EgoyMDI0MTAwMi4xIKXMDSoASAFQAw%3D%3D",,,,,
TotalEnergies BONAMOUSSADI 2,https://www.google.com/maps/place/TotalEnergies+BONAMOUSSADI+2/data=!4m7!3m6!1s0x10610dfafb630dc5:0x3c20b76ed1426d01!8m2!3d4.0840243!4d9.7324323!16s%2Fg%2F11c59xcm_k!19sChIJxQ1j-_oNYRARAW1C0W63IDw,https://totalenergies.cm/,Data found,,3.8,116,Gas station,"Rue Akwa Nord Située à Akwa Nord, 300 mètres Avant le Carrefour Maetur, Douala, Cameroon",+237 6 70 95 00 00,"https://www.google.com/maps/search/enterprises+in+bounamousadi+douala,+cameroon/@4.0919173,9.7315477,15z/data=!3m1!4b1?entry=ttu&g_ep=EgoyMDI0MTAwMi4xIKXMDSoASAFQAw%3D%3D",,https://www.facebook.com/TotalEnergiesCameroun,https://www.instagram.com/totalenergies_cm/,https://twitter.com/TotalEnergiesCM,https://www.linkedin.com/company/totalenergies/
Ikonnect Group,https://www.google.com/maps/place/Ikonnect+Group/data=!4m7!3m6!1s0x10610fc68f234399:0x8f152a1c7ec393c7!8m2!3d4.0918115!4d9.7461702!16s%2Fg%2F11qt3scpgg!19sChIJmUMjj8YPYRARx5PDfhwqFY8,https://ikonnectgroup.com/,Data found,,4.5,2,Computer support and services,"1245 Bonamoussadi, Cameroon",+237 6 79 48 48 99,"https://www.google.com/maps/search/enterprises+in+bounamousadi+douala,+cameroon/@4.0919173,9.7315477,15z/data=!3m1!4b1?entry=ttu&g_ep=EgoyMDI0MTAwMi4xIKXMDSoASAFQAw%3D%3D",ssg@ikonnectgroup.com,,,,
Diaspo-Mboa Sarl,https://www.google.com/maps/place/Diaspo-Mboa+Sarl/data=!4m7!3m6!1s0x10610db119a70305:0x6356b2d1a266b595!8m2!3d4.089452!4d9.740993!16s%2Fg%2F11q3lsvd8x!19sChIJBQOnGbENYRARlbVmotGyVmM,https://www.diaspomboa.com/,Data found,,4.9,10,Real estate agency,"Douala, Cameroon",+237 6 93 70 67 29,"https://www.google.com/maps/search/enterprises+in+bounamousadi+douala,+cameroon/@4.0919173,9.7315477,15z/data=!3m1!4b1?entry=ttu&g_ep=EgoyMDI0MTAwMi4xIKXMDSoASAFQAw%3D%3D",info@diaspomboa.com,https://www.facebook.com/Diaspomboasarl,https://www.instagram.com/diaspo_mboa_2021/,https://twitter.com/MboaSci?s=08,
United Business Partner,"https://www.google.com/maps/place/United+Business+Partner/@4.0813623,9.7512078,17z/data=!3m1!4b1!4m6!3m5!1s0x10610d266648bc75:0x43972b3bb45f3539!8m2!3d4.0813623!4d9.7512078!16s%2Fg%2F11fqy6xc71",,No website found,,,,Thrift store,"3QJ2+GFW, Unnamed Road, Douala, Cameroon",,"https://www.google.com/maps/search/enterprises+in+bounamousadi+douala,+cameroon/@4.0919173,9.7315477,15z/data=!3m1!4b1?entry=ttu&g_ep=EgoyMDI0MTAwMi4xIKXMDSoASAFQAw%3D%3D",,,,,
Awambong group of Companies (AGOC),https://www.google.com/maps/place/Awambong+group+of+Companies+%28AGOC%29/data=!4m7!3m6!1s0x10610d4d7d955f33:0x976cd1fc8c206390!8m2!3d4.0910912!4d9.7403679!16s%2Fg%2F11vcm_xp8y!19sChIJM1-VfU0NYRARkGMgjPzRbJc,https://awambong.cm/,No data found,,,,Print shop,"Bssadi Gallery, Douala, Cameroon",+237 6 51 26 11 03,"https://www.google.com/maps/search/enterprises+in+bounamousadi+douala,+cameroon/@4.0919173,9.7315477,15z/data=!3m1!4b1?entry=ttu&g_ep=EgoyMDI0MTAwMi4xIKXMDSoASAFQAw%3D%3D",,,,,
Neptune Oil Bonamoussadi,https://www.google.com/maps/place/Neptune+Oil+Bonamoussadi/data=!4m7!3m6!1s0x10610f05c9ca694d:0xd6d681cab8cf322b!8m2!3d4.0927247!4d9.7409825!16s%2Fg%2F11f9x2rzm8!19sChIJTWnKyQUPYRARKzLPuMqB1tY,,No website found,,3.8,29,Gas station,"3PVR+39Q, Douala, Cameroon",,"https://www.google.com/maps/search/enterprises+in+bounamousadi+douala,+cameroon/@4.0919173,9.7315477,15z/data=!3m1!4b1?entry=ttu&g_ep=EgoyMDI0MTAwMi4xIKXMDSoASAFQAw%3D%3D",,,,,
Immeuble IPPB,https://www.google.com/maps/place/Immeuble+IPPB/data=!4m7!3m6!1s0x10610e0b0f6c0ae7:0x3c722709f831beda!8m2!3d4.0949183!4d9.7433077!16s%2Fg%2F11fy_dmrw_!19sChIJ5wpsDwsOYRAR2r4x-Akncjw,,No website found,,3.7,54,Serviced apartment,"3PVV+X87 Rue Des Prince, Douala, Cameroon",+237 6 96 28 71 53,"https://www.google.com/maps/search/enterprises+in+bounamousadi+douala,+cameroon/@4.0919173,9.7315477,15z/data=!3m1!4b1?entry=ttu&g_ep=EgoyMDI0MTAwMi4xIKXMDSoASAFQAw%3D%3D",,,,,
Résidence Citypi,https://www.google.com/maps/place/R%C3%A9sidence+Citypi/data=!4m7!3m6!1s0x10610f10ebc58d53:0x87b539ba2d73fdd9!8m2!3d4.0944411!4d9.7459471!16s%2Fg%2F11ls1x1lx_!19sChIJU43F6xAPYRAR2f1zLbo5tYc,,No website found,,4.0,1,Furnished apartment building,"Unnamed Road, Douala, Cameroon",+237 6 96 86 41 70,"https://www.google.com/maps/search/enterprises+in+bounamousadi+douala,+cameroon/@4.0919173,9.7315477,15z/data=!3m1!4b1?entry=ttu&g_ep=EgoyMDI0MTAwMi4xIKXMDSoASAFQAw%3D%3D",,,,,
Immeuble Congelcam,https://www.google.com/maps/place/Immeuble+Congelcam/data=!4m7!3m6!1s0x10610f2c3a08d873:0x85a7f18d344cb18e!8m2!3d4.0922528!4d9.7379917!16s%2Fg%2F11fcnfgt5f!19sChIJc9gIOiwPYRARjrFMNI3xp4U,,No website found,,4.5,2,Shopping mall,"Immeuble ConGelCam, Douala, Cameroon",,"https://www.google.com/maps/search/enterprises+in+bounamousadi+douala,+cameroon/@4.0919173,9.7315477,15z/data=!3m1!4b1?entry=ttu&g_ep=EgoyMDI0MTAwMi4xIKXMDSoASAFQAw%3D%3D",,,,,
SOPIC Plus - Vente de fils et câbles électriques,https://www.google.com/maps/place/SOPIC+Plus+-+Vente+de+fils+et+c%C3%A2bles+%C3%A9lectriques/data=!4m7!3m6!1s0x10610da17e462aa5:0x18631e7ced1a3f3d!8m2!3d4.0825189!4d9.7281142!16s%2Fg%2F11fkvqzjp5!19sChIJpSpGfqENYRARPT8a7XweYxg,,No website found,,3.8,55,Electrical supply store,"Douala, Cameroon",+237 6 93 72 15 82,"https://www.google.com/maps/search/enterprises+in+bounamousadi+douala,+cameroon/@4.0919173,9.7315477,15z/data=!3m1!4b1?entry=ttu&g_ep=EgoyMDI0MTAwMi4xIKXMDSoASAFQAw%3D%3D",,,,,
Afriq Brain Consulting,https://www.google.com/maps/place/Afriq+Brain+Consulting/data=!4m7!3m6!1s0x10610de57846606b:0x22359200c08b41f1!8m2!3d4.0859398!4d9.7382301!16s%2Fg%2F11j7w05bzv!19sChIJa2BGeOUNYRAR8UGLwACSNSI,http://www.afriqbrain.com/,Data found,,4.3,4,Consultant,"Douala, Cameroon",+237 6 56 83 79 81,"https://www.google.com/maps/search/enterprises+in+bounamousadi+douala,+cameroon/@4.0919173,9.7315477,15z/data=!3m1!4b1?entry=ttu&g_ep=EgoyMDI0MTAwMi4xIKXMDSoASAFQAw%3D%3D",info@afriqbrain.com,,,https://www.twitter.com/,
Yoomee Bonamoussadi Kado,https://www.google.com/maps/place/Yoomee+Bonamoussadi+Kado/data=!4m7!3m6!1s0x106113b1877514af:0xce0abc126681fe37!8m2!3d4.0889482!4d9.7427447!16s%2Fg%2F11f5ywf9v7!19sChIJrxR1h7ETYRARN_6BZhK8Cs4,,No website found,,3.5,8,Internet service provider,"Douala, Cameroon",+237 2 42 99 93 20,"https://www.google.com/maps/search/enterprises+in+bounamousadi+douala,+cameroon/@4.0919173,9.7315477,15z/data=!3m1!4b1?entry=ttu&g_ep=EgoyMDI0MTAwMi4xIKXMDSoASAFQAw%3D%3D",,,,,
Meuble de Bonamoussadi,"https://www.google.com/maps/place/Meuble+de+Bonamoussadi/@4.0921617,9.7466903,17z/data=!3m1!4b1!4m6!3m5!1s0x10610e755cfa9009:0x5c84085ca3d3d62f!8m2!3d4.0921617!4d9.7466903!16s%2Fg%2F11f3xzg826",,No website found,,3.6,9,Serviced apartment,"3PRW+VM8, Douala, Cameroon",+237 6 96 28 71 53,"https://www.google.com/maps/search/enterprises+in+bounamousadi+douala,+cameroon/@4.0919173,9.7315477,15z/data=!3m1!4b1?entry=ttu&g_ep=EgoyMDI0MTAwMi4xIKXMDSoASAFQAw%3D%3D",,,,,
SMA Business Sarl,"https://www.google.com/maps/place/SMA+Business+Sarl/@4.0765687,9.7235842,17z/data=!3m1!4b1!4m6!3m5!1s0x10610d7d002ba2a9:0xfd94a34befbace89!8m2!3d4.0765687!4d9.7235842!16s%2Fg%2F11qbj8m429",http://smabusinesssarl.com/,No data found,,,,Print shop,"harmonie, 2547, Akwa nord, face pharmacie, Douala, Cameroon",+237 6 79 15 04 66,"https://www.google.com/maps/search/enterprises+in+bounamousadi+douala,+cameroon/@4.0919173,9.7315477,15z/data=!3m1!4b1?entry=ttu&g_ep=EgoyMDI0MTAwMi4xIKXMDSoASAFQAw%3D%3D",,,,,
PAPER BAG MANUFACTURING,https://www.google.com/maps/place/PAPER+BAG+MANUFACTURING/data=!4m7!3m6!1s0x10610ddd4fcb3ad5:0xe3d8208b3233dd1f!8m2!3d4.0820287!4d9.7570431!16s%2Fg%2F11stl3xfll!19sChIJ1TrLT90NYRARH90zMosg2OM,,No website found,,5.0,1,Packaging supply store,"makepe, Douala, Cameroon",+237 6 95 56 44 22,"https://www.google.com/maps/search/enterprises+in+bounamousadi+douala,+cameroon/@4.0919173,9.7315477,15z/data=!3m1!4b1?entry=ttu&g_ep=EgoyMDI0MTAwMi4xIKXMDSoASAFQAw%3D%3D",,,,,
Cameroon Safety Services-International,https://www.google.com/maps/place/Cameroon+Safety+Services-International/data=!4m7!3m6!1s0x10610faf0a977527:0xff1a08312f7f33e2!8m2!3d4.0969543!4d9.7372253!16s%2Fg%2F11lkwcrvqj!19sChIJJ3WXCq8PYRAR4jN_LzEIGv8,http://www.css-itl.com/,Data found,,,,Occupational safety and health,"Carredfour du Lycee, Douala, Cameroon",+237 6 97 12 08 01,"https://www.google.com/maps/search/enterprises+in+bounamousadi+douala,+cameroon/@4.0919173,9.7315477,15z/data=!3m1!4b1?entry=ttu&g_ep=EgoyMDI0MTAwMi4xIKXMDSoASAFQAw%3D%3D",contact@css-itl.com,https://www.facebook.com/CameroonSafetyServices,,,https://www.linkedin.com/company/68552052/admin/
Home Electro makepe,https://www.google.com/maps/place/Home+Electro+makepe/data=!4m7!3m6!1s0x10610dfe96acf1eb:0x2fb52a938323a2e3!8m2!3d4.0800541!4d9.7545143!16s%2Fg%2F11fj5cvjd0!19sChIJ6_Gslv4NYRAR46Ijg5MqtS8,,No website found,,3.9,14,Computer store,"Makepe carrefour BM, Douala, Cameroon",+237 6 75 93 47 93,"https://www.google.com/maps/search/enterprises+in+bounamousadi+douala,+cameroon/@4.0919173,9.7315477,15z/data=!3m1!4b1?entry=ttu&g_ep=EgoyMDI0MTAwMi4xIKXMDSoASAFQAw%3D%3D",,,,,
Instadrive,https://www.google.com/maps/place/Instadrive/data=!4m7!3m6!1s0x1061131405e5f45d:0x58d43f5256dfc327!8m2!3d4.0530011!4d9.7012455!16s%2Fg%2F11sp5vdc59!19sChIJXfTlBRQTYRARJ8PfVlI_1Fg,,No website found,,4.9,12,Car rental agency,"2854, Douala, Cameroon",+237 6 96 99 63 39,"https://www.google.com/maps/search/enterprises+in+bounamousadi+douala,+cameroon/@4.0919173,9.7315477,15z/data=!3m1!4b1?entry=ttu&g_ep=EgoyMDI0MTAwMi4xIKXMDSoASAFQAw%3D%3D",,,,,
Neptune Oil Bonamoussadi 2,https://www.google.com/maps/place/Neptune+Oil+Bonamoussadi+2/data=!4m7!3m6!1s0x10610deaf1119883:0x3390eb2b2877123e!8m2!3d4.0872117!4d9.7412182!16s%2Fg%2F11q8x2dk2h!19sChIJg5gR8eoNYRARPhJ3KCvrkDM,,No website found,,4.0,7,Gas station,"3PPR+VFP, Carrefour Maçon, Douala, Cameroon",,"https://www.google.com/maps/search/enterprises+in+bounamousadi+douala,+cameroon/@4.0919173,9.7315477,15z/data=!3m1!4b1?entry=ttu&g_ep=EgoyMDI0MTAwMi4xIKXMDSoASAFQAw%3D%3D",,,,,
ETS ALEX KENGNE,"https://www.google.com/maps/place/ETS+ALEX+KENGNE/@4.0891849,9.7428407,17z/data=!3m1!4b1!4m6!3m5!1s0x10610d51d34b7039:0x37c933512b2b92c6!8m2!3d4.0891849!4d9.7428407!16s%2Fg%2F11twqfbtmk",,No website found,,,,Duty free store,"Douala, Cameroon",+237 6 75 12 84 52,"https://www.google.com/maps/search/enterprises+in+bounamousadi+douala,+cameroon/@4.0919173,9.7315477,15z/data=!3m1!4b1?entry=ttu&g_ep=EgoyMDI0MTAwMi4xIKXMDSoASAFQAw%3D%3D",,,,,
Residence Borel,https://www.google.com/maps/place/Residence+Borel/data=!4m7!3m6!1s0x10610de3de081bf9:0xc32746521117f507!8m2!3d4.0907918!4d9.7293144!16s%2Fg%2F11ddywt9xs!19sChIJ-RsI3uMNYRARB_UXEVJGJ8M,https://www.residenceborel-douala.com/,Data found,,3.6,76,Holiday apartment,"1690, Douala, Cameroon",+237 6 93 73 03 73,"https://www.google.com/maps/search/enterprises+in+bounamousadi+douala,+cameroon/@4.0919173,9.7315477,15z/data=!3m1!4b1?entry=ttu&g_ep=EgoyMDI0MTAwMi4xIKXMDSoASAFQAw%3D%3D",contact@residenceborel-douala.com,https://www.facebook.com/residenceboreldouala/,,,
Johnson's Business Ventures,https://www.google.com/maps/place/Johnson%27s+Business+Ventures/data=!4m7!3m6!1s0x106113c7bc2fcb5f:0x63d964a6b5991f37!8m2!3d4.0421982!4d9.7104087!16s%2Fg%2F11g1mgx2b2!19sChIJX8svvMcTYRARNx-ZtaZk2WM,https://www.johnsonsbusinessventures.com/,No data found,,4.8,17,Auto parts store,"Camp Yabassi, Douala, Cameroon",+237 6 77 90 03 79,"https://www.google.com/maps/search/enterprises+in+bounamousadi+douala,+cameroon/@4.0919173,9.7315477,15z/data=!3m1!4b1?entry=ttu&g_ep=EgoyMDI0MTAwMi4xIKXMDSoASAFQAw%3D%3D",,,,,
Carrefour Rhone Poulenc,https://www.google.com/maps/place/Carrefour+Rhone+Poulenc/data=!4m7!3m6!1s0x10610dda42eb031d:0xe9a572d4c412e316!8m2!3d4.0847873!4d9.755246!16s%2Fg%2F1tzvykth!19sChIJHQPrQtoNYRARFuMSxNRypek,,No website found,,3.4,616,Truck stop,"3QM4+W39, Douala, Cameroon",+237 6 97 85 89 50,"https://www.google.com/maps/search/enterprises+in+bounamousadi+douala,+cameroon/@4.0919173,9.7315477,15z/data=!3m1!4b1?entry=ttu&g_ep=EgoyMDI0MTAwMi4xIKXMDSoASAFQAw%3D%3D",,,,,
Bonamoussadi,https://www.google.com/maps/place/Bonamoussadi/data=!4m7!3m6!1s0x10610de1d7b3a259:0x142c5c407bf8d218!8m2!3d4.089185!4d9.7427775!16s%2Fg%2F1ptx3xg83!19sChIJWaKz1-ENYRARGNL4e0BcLBQ,,No website found,,4.0,,,,,"https://www.google.com/maps/search/enterprises+in+bounamousadi+douala,+cameroon/@4.0919173,9.7315477,15z/data=!3m1!4b1?entry=ttu&g_ep=EgoyMDI0MTAwMi4xIKXMDSoASAFQAw%3D%3D",,,,,
Yoomee Mobile Bicec bonamoussadi,https://www.google.com/maps/place/Yoomee+Mobile+Bicec+bonamoussadi/data=!4m7!3m6!1s0x10610f93a777eb13:0x79a6075bb1359bd8!8m2!3d4.0932562!4d9.7382557!16s%2Fg%2F11fmpq_dhy!19sChIJE-t3p5MPYRAR2Js1sVsHpnk,https://my.yoomee.cm/,No data found,,,,Telecommunications service provider,"À côté de la BICEC, Marche de Bonamoussadi, Douala, Cameroon",+237 2 42 96 01 58,"https://www.google.com/maps/search/enterprises+in+bounamousadi+douala,+cameroon/@4.0919173,9.7315477,15z/data=!3m1!4b1?entry=ttu&g_ep=EgoyMDI0MTAwMi4xIKXMDSoASAFQAw%3D%3D",,,,,
AGENCE BLUE - GEOSPACE,"https://www.google.com/maps/place/AGENCE+BLUE+-+GEOSPACE/@4.0891849,9.7428407,17z/data=!3m1!4b1!4m6!3m5!1s0x10610d7a173836c3:0x2bb35b505e3f0547!8m2!3d4.0891849!4d9.7428407!16s%2Fg%2F11t7pf_937",,No website found,,,,News service,"Bonamoussadi - Carrefour Yoro Jos avant le Commissariat Douzieme Ange Raphael pres de Guinness Cameroun, Douala, Cameroon",+237 6 77 48 79 65,"https://www.google.com/maps/search/enterprises+in+bounamousadi+douala,+cameroon/@4.0919173,9.7315477,15z/data=!3m1!4b1?entry=ttu&g_ep=EgoyMDI0MTAwMi4xIKXMDSoASAFQAw%3D%3D",,,,,
Dayspring Law Firm,https://www.google.com/maps/place/Dayspring+Law+Firm/data=!4m7!3m6!1s0x10610d2336f0fce3:0x8b8f541eeaac33cc!8m2!3d4.0849151!4d9.7411794!16s%2Fg%2F11ky3d9g1_!19sChIJ4_zwNiMNYRARzDOs6h5Uj4s,http://dayspringlaw.com/,No data found,,5.0,3,Legal services,"Rue 5.111, Bonamoussadi Carrefour Santa Barbara 3eme Etage, Immeuble SISIE, Douala, Cameroon",+237 6 75 04 81 83,"https://www.google.com/maps/search/enterprises+in+bounamousadi+douala,+cameroon/@4.0919173,9.7315477,15z/data=!3m1!4b1?entry=ttu&g_ep=EgoyMDI0MTAwMi4xIKXMDSoASAFQAw%3D%3D",,,,,
Rise Shop,https://www.google.com/maps/place/Rise+Shop/data=!4m7!3m6!1s0x10610f33aba7cb1d:0x1ef73ceb94860!8m2!3d4.0973922!4d9.7467343!16s%2Fg%2F11q25pf1y_!19sChIJHcunqzMPYRARYEi5znPvAQA,,No website found,,,,Sports accessories wholesaler,"Douala, Cameroon",+237 6 57 76 76 72,"https://www.google.com/maps/search/enterprises+in+bounamousadi+douala,+cameroon/@4.0919173,9.7315477,15z/data=!3m1!4b1?entry=ttu&g_ep=EgoyMDI0MTAwMi4xIKXMDSoASAFQAw%3D%3D",,,,,
Groupe Djieumo Sarl,https://www.google.com/maps/place/Groupe+Djieumo+Sarl/data=!4m7!3m6!1s0x10610f3b9b4ee363:0xc9fb3ae65e4f2083!8m2!3d4.0919744!4d9.7459619!16s%2Fg%2F11vf0v4kv8!19sChIJY-NOmzsPYRARgyBPXuY6-8k,https://groupedjieumosarl.websites.co.in/,Data found,,,,Hardware store,"BP 88, Douala, Cameroon",+237 6 59 33 70 34,"https://www.google.com/maps/search/enterprises+in+bounamousadi+douala,+cameroon/@4.0919173,9.7315477,15z/data=!3m1!4b1?entry=ttu&g_ep=EgoyMDI0MTAwMi4xIKXMDSoASAFQAw%3D%3D",,https://www.facebook.com/sharer/sharer.php?u=https://groupedjieumosarl.websites.co.in/update/welcome-to-groupe-djieumo-sarl/1871100,,https://twitter.com/intent/tweet?text=https://groupedjieumosarl.websites.co.in/update/welcome-to-groupe-djieumo-sarl/1871100,
Jerry Rich Beauté-santé+,https://www.google.com/maps/place/Jerry+Rich+Beaut%C3%A9-sant%C3%A9%2B/data=!4m7!3m6!1s0x10610d8a0fa40835:0x904a90c7f7f4ee44!8m2!3d4.0848125!4d9.7338125!16s%2Fg%2F11rhrlhmtk!19sChIJNQikD4oNYRARRO7098eQSpA,,No website found,,5.0,1,Health and beauty shop,"3PMM+WG5, Douala, Cameroon",+237 6 98 13 79 59,"https://www.google.com/maps/search/enterprises+in+bounamousadi+douala,+cameroon/@4.0919173,9.7315477,15z/data=!3m1!4b1?entry=ttu&g_ep=EgoyMDI0MTAwMi4xIKXMDSoASAFQAw%3D%3D",,,,,
AJB Moments- Gifts & Parfums,https://www.google.com/maps/place/AJB+Moments-+Gifts+%26+Parfums/data=!4m7!3m6!1s0x10610f148d18c487:0xee740309b6e1e2eb!8m2!3d4.0946881!4d9.7503223!16s%2Fg%2F11vpvydydz!19sChIJh8QYjRQPYRAR6-LhtgkDdO4,https://ajbmoments.catalog.to/,Data found,,5.0,2,Gift basket store,"Kotto, Douala, Cameroon",+237 6 99 65 38 01,"https://www.google.com/maps/search/enterprises+in+bounamousadi+douala,+cameroon/@4.0919173,9.7315477,15z/data=!3m1!4b1?entry=ttu&g_ep=EgoyMDI0MTAwMi4xIKXMDSoASAFQAw%3D%3D",ajbmoments@gmail.com,https://www.facebook.com/ajbmoments,https://www.instagram.com/ajbmoments?igsh=MXBraDYxcWVvYWJmaQ==,,
Business Plan Cameroun,https://www.google.com/maps/place/Business+Plan+Cameroun/data=!4m7!3m6!1s0x8196ab889f039309:0xadf0de5ab8f6cc99!8m2!3d15.4315218!4d-21.3164655!16s%2Fg%2F11sb3b2pk3!19sChIJCZMDn4irloERmcz2uFre8K0,,No website found,,,,Business management consultant,,+237 6 99 01 39 02,"https://www.google.com/maps/search/enterprises+in+bounamousadi+douala,+cameroon/@4.0919173,9.7315477,15z/data=!3m1!4b1?entry=ttu&g_ep=EgoyMDI0MTAwMi4xIKXMDSoASAFQAw%3D%3D",,,,,
PLOMB ELECT FOTOU,https://www.google.com/maps/place/PLOMB+ELECT+FOTOU/data=!4m7!3m6!1s0x10610da1ee5ec0c9:0x7e77693bd6804915!8m2!3d4.0866142!4d9.7411873!16s%2Fg%2F11nxy_jv1r!19sChIJycBe7qENYRARFUmA1jtpd34,,No website found,,,,Hardware store,"Douala, Cameroon",+237 6 52 38 09 56,"https://www.google.com/maps/search/enterprises+in+bounamousadi+douala,+cameroon/@4.0919173,9.7315477,15z/data=!3m1!4b1?entry=ttu&g_ep=EgoyMDI0MTAwMi4xIKXMDSoASAFQAw%3D%3D",,,,,
Sonfack Neolife independent distributor,https://www.google.com/maps/place/Sonfack+Neolife+independent+distributor/data=!4m7!3m6!1s0x10611307669fc6c1:0x76ba609db24e9e6f!8m2!3d4.0891849!4d9.7428407!16s%2Fg%2F11j31vt862!19sChIJwcafZgcTYRARb55Osp1gunY,http://www.vidalsonfobusiness.com/,No data found,,,,Vitamin & supplements store,"Douala, Cameroon",+237 6 71 95 36 51,"https://www.google.com/maps/search/enterprises+in+bounamousadi+douala,+cameroon/@4.0919173,9.7315477,15z/data=!3m1!4b1?entry=ttu&g_ep=EgoyMDI0MTAwMi4xIKXMDSoASAFQAw%3D%3D",,,,,
Business Cars,https://www.google.com/maps/place/Business+Cars/data=!4m7!3m6!1s0x106113db388edd81:0x6043e6c05d121a43!8m2!3d4.029817!4d9.7001988!16s%2Fg%2F11n00ms6qc!19sChIJgd2OONsTYRARQxoSXcDmQ2A,https://businesscars.net/,Data found,,5.0,6,Car rental agency,"Face lycée Mongo Joseph, Rue Koloko, Douala, Cameroon",+237 6 59 10 26 63,"https://www.google.com/maps/search/enterprises+in+bounamousadi+douala,+cameroon/@4.0919173,9.7315477,15z/data=!3m1!4b1?entry=ttu&g_ep=EgoyMDI0MTAwMi4xIKXMDSoASAFQAw%3D%3D",info@businesscars.net,https://web.facebook.com/businesscarscm,https://www.instagram.com/business_cars_cameroun/,,https://www.linkedin.com/company/business-cars-cameroun/
Sparte Robotics,https://www.google.com/maps/place/Sparte+Robotics/data=!4m7!3m6!1s0x10610d24f68da1f9:0x5c9608b851d48869!8m2!3d4.0876975!4d9.7356862!16s%2Fg%2F11r8qpf48h!19sChIJ-aGN9iQNYRARaYjUUbgIllw,https://www.sparterobotics.com/,Data found,,5.0,2,Aerospace company,"Douala, Cameroon",+237 6 95 41 86 74,"https://www.google.com/maps/search/enterprises+in+bounamousadi+douala,+cameroon/@4.0919173,9.7315477,15z/data=!3m1!4b1?entry=ttu&g_ep=EgoyMDI0MTAwMi4xIKXMDSoASAFQAw%3D%3D",contact@sparterobotics.com,https://www.facebook.com/SparteRobotics,,,https://www.linkedin.com/company/sparte-robotics
Eagle Heights Healthy Living,https://www.google.com/maps/place/Eagle+Heights+Healthy+Living/data=!4m7!3m6!1s0x1061137d663ef77d:0x338d0356df1744fb!8m2!3d4.0834168!4d9.7212504!16s%2Fg%2F11q2j_r7d3!19sChIJffc-Zn0TYRAR-0QX31YDjTM,https://web.facebook.com/eaghhel,Data found,,5.0,1,Health and beauty shop,"Douala, Cameroon",+237 6 78 66 94 93,"https://www.google.com/maps/search/enterprises+in+bounamousadi+douala,+cameroon/@4.0919173,9.7315477,15z/data=!3m1!4b1?entry=ttu&g_ep=EgoyMDI0MTAwMi4xIKXMDSoASAFQAw%3D%3D",,https://fy-nl.facebook.com/reg/,,,
Oxygene afrika sarl,"https://www.google.com/maps/place/Oxygene+afrika+sarl/@4.0910685,9.7467257,17z/data=!3m1!4b1!4m6!3m5!1s0x10610ddba023a38b:0xc044358969f04370!8m2!3d4.0910685!4d9.7467257!16s%2Fg%2F11q3l2h5s1",,No website found,,,,Chamber of Commerce,"Douala, Cameroon",+237 6 76 69 59 49,"https://www.google.com/maps/search/enterprises+in+bounamousadi+douala,+cameroon/@4.0919173,9.7315477,15z/data=!3m1!4b1?entry=ttu&g_ep=EgoyMDI0MTAwMi4xIKXMDSoASAFQAw%3D%3D",,,,,
immeuble SISIE,"https://www.google.com/maps/place/immeuble+SISIE/@4.0891849,9.7428407,17z/data=!3m1!4b1!4m6!3m5!1s0x10610d6514de1995:0x9c0193c5b96415fb!8m2!3d4.0891849!4d9.7428407!16s%2Fg%2F11t65_846b",,No website found,,,,Apartment rental agency,"Rue 5.111, Bonamoussadi Carrefour Santa Bonamoussadi, Cameroon",+237 6 55 85 51 48,"https://www.google.com/maps/search/enterprises+in+bounamousadi+douala,+cameroon/@4.0919173,9.7315477,15z/data=!3m1!4b1?entry=ttu&g_ep=EgoyMDI0MTAwMi4xIKXMDSoASAFQAw%3D%3D",,,,,
WAMAN ENTERPRISE,https://www.google.com/maps/place/WAMAN+ENTERPRISE/data=!4m7!3m6!1s0x106117902bb9f813:0x89ce7d83c3a1d0ac!8m2!3d4.0510564!4d9.7678687!16s%2Fg%2F11h4nb5_gs!19sChIJE_i5K5AXYRARrNChw4N9zok,,No website found,,,,Electrical equipment supplier,"4037, Douala, Cameroon",+237 6 55 66 22 89,"https://www.google.com/maps/search/enterprises+in+bounamousadi+douala,+cameroon/@4.0919173,9.7315477,15z/data=!3m1!4b1?entry=ttu&g_ep=EgoyMDI0MTAwMi4xIKXMDSoASAFQAw%3D%3D",,,,,
BOLO89,https://www.google.com/maps/place/BOLO89/data=!4m7!3m6!1s0x10611368e72d95c3:0xef0b2944c7f3a14b!8m2!3d4.0723017!4d9.7157346!16s%2Fg%2F11nmmk7rf4!19sChIJw5Ut52gTYRARS6Hzx0QpC-8,https://bolo89.com/,Data found,,4.8,96,Coworking space,"Total Bonateki 2, Douala, Cameroon",+237 6 52 92 10 00,"https://www.google.com/maps/search/enterprises+in+bounamousadi+douala,+cameroon/@4.0919173,9.7315477,15z/data=!3m1!4b1?entry=ttu&g_ep=EgoyMDI0MTAwMi4xIKXMDSoASAFQAw%3D%3D",info@bolo89.com,https://www.facebook.com/Bolo89-100953628907693,https://www.instagram.com/bolo89official,https://twitter.com/bolo89official,https://www.linkedin.com/company/bolo89
Cameroon Hotel Booking,"https://www.google.com/maps/place/Cameroon+Hotel+Booking/@4.0891849,9.7428407,17z/data=!3m1!4b1!4m6!3m5!1s0x10610d793c64dac9:0xdf0f591133143332!8m2!3d4.0891849!4d9.7428407!16s%2Fg%2F11qqcpk5fh",,No website found,,,,Hotel supply store,"Hotel Reservations Carrefour eto'o fils Bonamoussadi, Douala, Cameroon",+237 2 33 47 70 00,"https://www.google.com/maps/search/enterprises+in+bounamousadi+douala,+cameroon/@4.0919173,9.7315477,15z/data=!3m1!4b1?entry=ttu&g_ep=EgoyMDI0MTAwMi4xIKXMDSoASAFQAw%3D%3D",,,,,
Faï Business Services,https://www.google.com/maps/place/Fa%C3%AF+Business+Services/data=!4m7!3m6!1s0x1061131de6d6f1bf:0x335d3f80e40cee31!8m2!3d4.0469469!4d9.7047942!16s%2Fg%2F11y1v0bzfl!19sChIJv_HW5h0TYRARMe4M5IA_XTM,,No website found,,4.0,1,Electric motor store,"Face Ancienne Porte Laquintinie, Douala, Cameroon",+237 6 77 33 08 88,"https://www.google.com/maps/search/enterprises+in+bounamousadi+douala,+cameroon/@4.0919173,9.7315477,15z/data=!3m1!4b1?entry=ttu&g_ep=EgoyMDI0MTAwMi4xIKXMDSoASAFQAw%3D%3D",,,,,
Caverton Law Firm,https://www.google.com/maps/place/Caverton+Law+Firm/data=!4m7!3m6!1s0x10610dcc5bc538a9:0x74c260cf3c668654!8m2!3d4.0869869!4d9.7346564!16s%2Fg%2F11snhlvbjf!19sChIJqTjFW8wNYRARVIZmPM9gwnQ,http://www.cavertonlawfirm.com/,No data found,,5.0,10,Law firm,"2nd Floor, Ecobank Building Rond Point Maetur, Douala, Cameroon",+237 6 57 92 09 49,"https://www.google.com/maps/search/enterprises+in+bounamousadi+douala,+cameroon/@4.0919173,9.7315477,15z/data=!3m1!4b1?entry=ttu&g_ep=EgoyMDI0MTAwMi4xIKXMDSoASAFQAw%3D%3D",,,,,
Taaply Cameroon,https://www.google.com/maps/place/Taaply+Cameroon/data=!4m7!3m6!1s0x10611383d982fe2f:0x2a6f1f7436e77455!8m2!3d4.0557334!4d9.7002378!16s%2Fg%2F11ll57hxbv!19sChIJL_6C2YMTYRARVXTnNnQfbyo,https://www.taaply.com/,Data found,,4.9,16,Store,"Immeuble Des Amities, Rue Drouot, Douala, Cameroon",+237 6 57 54 63 30,"https://www.google.com/maps/search/enterprises+in+bounamousadi+douala,+cameroon/@4.0919173,9.7315477,15z/data=!3m1!4b1?entry=ttu&g_ep=EgoyMDI0MTAwMi4xIKXMDSoASAFQAw%3D%3D",,https://facebook.com/taaplyfamily,https://instagram.com/taaplyfamily,https://twitter.com/taaplyfamily,https://linkedin.com/taaplyfamily
Marché Sandaga,https://www.google.com/maps/place/March%C3%A9+Sandaga/data=!4m7!3m6!1s0x10611267e628d8ab:0xb0c2a56ef9780a9f!8m2!3d4.0614781!4d9.7024764!16s%2Fg%2F1tfd98t9!19sChIJq9go5mcSYRARnwp4-W6lwrA,,No website found,,3.5,990,Pick your own farm produce,"Bd du Général Leclerc 27 Août 1940, Douala, Cameroon",+237 6 76 18 05 04,"https://www.google.com/maps/search/enterprises+in+bounamousadi+douala,+cameroon/@4.0919173,9.7315477,15z/data=!3m1!4b1?entry=ttu&g_ep=EgoyMDI0MTAwMi4xIKXMDSoASAFQAw%3D%3D",,,,,
CRE@TIVE,https://www.google.com/maps/place/CRE@TIVE/data=!4m7!3m6!1s0x1061125fadf21801:0x6c91195ed20766f2!8m2!3d4.0544245!4d9.7004979!16s%2Fg%2F11c1pf34l3!19sChIJARjyrV8SYRAR8mYH0l4ZkWw,http://www.creativesarl.net/,Data found,,4.1,34,Computer store,"BP :3807-Douala, Douala, Cameroon",+237 2 33 42 70 30,"https://www.google.com/maps/search/enterprises+in+bounamousadi+douala,+cameroon/@4.0919173,9.7315477,15z/data=!3m1!4b1?entry=ttu&g_ep=EgoyMDI0MTAwMi4xIKXMDSoASAFQAw%3D%3D",support@7-up.com,http://www.facebook.com/sharer.php?u=https://creativesarl.net/index.php/produit/scanner-canon-canoscan-lide-400/,,http://www.twitter.com/share?url=https://creativesarl.net/index.php/produit/scanner-canon-canoscan-lide-400/,
GLOBAL BUSINESS,https://www.google.com/maps/place/GLOBAL+BUSINESS/data=!4m7!3m6!1s0x106112f61b77075b:0x631a2fc17dc59727!8m2!3d4.0515613!4d9.6944787!16s%2Fg%2F11hbnwhk6n!19sChIJWwd3G_YSYRARJ5fFfcEvGmM,,No website found,,4.2,32,Electronics store,"magasin Orca, 4110 Akwa. Face, Douala, Cameroon",+237 6 94 56 64 52,"https://www.google.com/maps/search/enterprises+in+bounamousadi+douala,+cameroon/@4.0919173,9.7315477,15z/data=!3m1!4b1?entry=ttu&g_ep=EgoyMDI0MTAwMi4xIKXMDSoASAFQAw%3D%3D",,,,,
Onerco Sarl,"https://www.google.com/maps/place/Onerco+Sarl/@4.0898125,9.7410469,17z/data=!3m1!4b1!4m6!3m5!1s0x10610d002caecc2b:0xb65fd1de24134118!8m2!3d4.0898125!4d9.7410469!16s%2Fg%2F11lcpwt45t",,No website found,,,,Accounting firm,"3PQR+WCF Carrefour ancienne Mairie, Douala, Cameroon",+237 6 55 72 18 49,"https://www.google.com/maps/search/enterprises+in+bounamousadi+douala,+cameroon/@4.0919173,9.7315477,15z/data=!3m1!4b1?entry=ttu&g_ep=EgoyMDI0MTAwMi4xIKXMDSoASAFQAw%3D%3D",,,,,
NewWorld printz,https://www.google.com/maps/place/NewWorld+printz/data=!4m7!3m6!1s0x10610dd607802a97:0xbff5de1fe576e666!8m2!3d4.0944317!4d9.7364525!16s%2Fg%2F11ldrljg2v!19sChIJlyqAB9YNYRARZuZ25R_e9b8,,No website found,,,,Print shop,"centre commerciale, Douala, Cameroon",,"https://www.google.com/maps/search/enterprises+in+bounamousadi+douala,+cameroon/@4.0919173,9.7315477,15z/data=!3m1!4b1?entry=ttu&g_ep=EgoyMDI0MTAwMi4xIKXMDSoASAFQAw%3D%3D",,,,,
Josy Enters Market,https://www.google.com/maps/place/Josy+Enters+Market/data=!4m7!3m6!1s0x106113da240baff9:0x5b8afa9248f8170!8m2!3d4.0500411!4d9.6993071!16s%2Fg%2F11h57ml_ws!19sChIJ-a8LJNoTYRARcIGPJKmvuAU,,No website found,,4.4,18,Home goods store,"Rue Boué De Lapeyrère, Douala, Cameroon",+237 6 75 90 65 82,"https://www.google.com/maps/search/enterprises+in+bounamousadi+douala,+cameroon/@4.0919173,9.7315477,15z/data=!3m1!4b1?entry=ttu&g_ep=EgoyMDI0MTAwMi4xIKXMDSoASAFQAw%3D%3D",,,,,
Diaski's SPA,https://www.google.com/maps/place/Diaski%27s+SPA/data=!4m7!3m6!1s0x10610fc72138c52b:0x175a885f2674fd54!8m2!3d4.0964921!4d9.7514935!16s%2Fg%2F11jnxgw7yk!19sChIJK8U4IccPYRARVP10Jl-IWhc,,No website found,,3.8,5,Pharmacy,"3QW2+QHW, Ancien Pharmacy Kotto Immeuble MATAPIT, Douala, Cameroon",+237 6 51 74 99 13,"https://www.google.com/maps/search/enterprises+in+bounamousadi+douala,+cameroon/@4.0919173,9.7315477,15z/data=!3m1!4b1?entry=ttu&g_ep=EgoyMDI0MTAwMi4xIKXMDSoASAFQAw%3D%3D",,,,,
Vals Enterprise,https://www.google.com/maps/place/Vals+Enterprise/data=!4m7!3m6!1s0x106113fec2d77e3d:0xc6359498adfe235d!8m2!3d4.0451757!4d9.7144509!16s%2Fg%2F11vbjzp15p!19sChIJPX7Xwv4TYRARXSP-rZiUNcY,,No website found,,,,Wholesaler household appliances,"0000, Douala, Cameroon",+237 6 71 73 68 48,"https://www.google.com/maps/search/enterprises+in+bounamousadi+douala,+cameroon/@4.0919173,9.7315477,15z/data=!3m1!4b1?entry=ttu&g_ep=EgoyMDI0MTAwMi4xIKXMDSoASAFQAw%3D%3D",,,,,
3S Motors,https://www.google.com/maps/place/3S+Motors/data=!4m7!3m6!1s0x1061125e2d81cb61:0x2d868b4fc3e5cafc!8m2!3d4.0546112!4d9.7002317!16s%2Fg%2F11c1hp7f34!19sChIJYcuBLV4SYRAR_Mrlw0-Lhi0,,No website found,,4.0,98,Car dealer,"3P32+R3X, Rue Dubois de Saligny, Douala, Cameroon",+237 6 99 81 78 14,"https://www.google.com/maps/search/enterprises+in+bounamousadi+douala,+cameroon/@4.0919173,9.7315477,15z/data=!3m1!4b1?entry=ttu&g_ep=EgoyMDI0MTAwMi4xIKXMDSoASAFQAw%3D%3D",,,,,
Alpha Z business center - vente dépannage laptop ordinateur et accessoire,https://www.google.com/maps/place/Alpha+Z+business+center+-+vente+d%C3%A9pannage+laptop+ordinateur+et+accessoire/data=!4m7!3m6!1s0x10610d9571c1556b:0xa932be457f4b8eeb!8m2!3d4.0549857!4d9.7328235!16s%2Fg%2F11j5c9mtlz!19sChIJa1XBcZUNYRAR645Lf0W-Mqk,,No website found,,4.5,19,Used computer store,"FACE UBA ANGE RAPHAEL, Douala, Cameroon",+237 6 77 21 01 12,"https://www.google.com/maps/search/enterprises+in+bounamousadi+douala,+cameroon/@4.0919173,9.7315477,15z/data=!3m1!4b1?entry=ttu&g_ep=EgoyMDI0MTAwMi4xIKXMDSoASAFQAw%3D%3D",,,,,
DHL Service Point (EXPRESS UNION BONAMOUSSADI LYCEE),https://www.google.com/maps/place/DHL+Service+Point+%28EXPRESS+UNION+BONAMOUSSADI+LYCEE%29/data=!4m7!3m6!1s0x10610fa33f4a64bd:0xcc7232051dae6125!8m2!3d4.0952806!4d9.7369469!16s%2Fg%2F11rby_cgk7!19sChIJvWRKP6MPYRARJWGuHQUycsw,https://locator.dhl.com/results?address=id:DLA337&language=en&lc=CM&resultUom=km&clientAppCode=GYD,No data found,,5.0,1,Courier service,"Carrefour Lycee d'Akwa Nord, Douala, Cameroon",+237 2 33 50 09 00,"https://www.google.com/maps/search/enterprises+in+bounamousadi+douala,+cameroon/@4.0919173,9.7315477,15z/data=!3m1!4b1?entry=ttu&g_ep=EgoyMDI0MTAwMi4xIKXMDSoASAFQAw%3D%3D",,,,,
GG SARL,"https://www.google.com/maps/place/GG+SARL/@4.0830432,9.7280305,17z/data=!3m1!4b1!4m6!3m5!1s0x10610d4ecd4e6117:0x93b28cc060660279!8m2!3d4.0830432!4d9.7280305!16s%2Fg%2F11w33sdtpf",,No website found,,,,Photography service,"Sable Bonamoussadi, Douala, Cameroon",+237 6 92 03 02 56,"https://www.google.com/maps/search/enterprises+in+bounamousadi+douala,+cameroon/@4.0919173,9.7315477,15z/data=!3m1!4b1?entry=ttu&g_ep=EgoyMDI0MTAwMi4xIKXMDSoASAFQAw%3D%3D",,,,,
AFRIKADO FLEURALICE MONTANA CITY LOGPOM,https://www.google.com/maps/place/AFRIKADO+FLEURALICE+MONTANA+CITY+LOGPOM/data=!4m7!3m6!1s0x10610d15f7794121:0x3bcfc576ac55958f!8m2!3d4.0736213!4d9.7615977!16s%2Fg%2F11q45lqndg!19sChIJIUF59xUNYRARj5VVrHbFzzs,,No website found,,5.0,1,Florist,"4602, Douala, Cameroon",+237 6 99 99 21 04,"https://www.google.com/maps/search/enterprises+in+bounamousadi+douala,+cameroon/@4.0919173,9.7315477,15z/data=!3m1!4b1?entry=ttu&g_ep=EgoyMDI0MTAwMi4xIKXMDSoASAFQAw%3D%3D",,,,,
Cameroon Car Rental,https://www.google.com/maps/place/Cameroon+Car+Rental/data=!4m7!3m6!1s0x10610fcf19bd9079:0x3fbadfa6a5b44f28!8m2!3d4.0843464!4d9.7776416!16s%2Fg%2F11g0zwnvh3!19sChIJeZC9Gc8PYRARKE-0pabfuj8,http://www.camerooncarrental.com/,Data found,,4.4,7,Car rental agency,"Douala, Cameroon",+237 6 95 85 42 13,"https://www.google.com/maps/search/enterprises+in+bounamousadi+douala,+cameroon/@4.0919173,9.7315477,15z/data=!3m1!4b1?entry=ttu&g_ep=EgoyMDI0MTAwMi4xIKXMDSoASAFQAw%3D%3D",camerooncarrental@gmail.com,https://www.facebook.com/profile.php?id=61550662922432,https://www.instagram.com/camerooncarrental/,https://www.twitter.com/,
Business Negoce,https://www.google.com/maps/place/Business+Negoce/data=!4m7!3m6!1s0x10610d0a03082b5f:0xe7553d3ed8bc887f!8m2!3d4.0507259!4d9.7508961!16s%2Fg%2F11c1njdzq6!19sChIJXysIAwoNYRARf4i82D49Vec,,No website found,,3.5,2,Home goods store,"3Q22+79R, Douala, Cameroon",+237 6 94 33 23 71,"https://www.google.com/maps/search/enterprises+in+bounamousadi+douala,+cameroon/@4.0919173,9.7315477,15z/data=!3m1!4b1?entry=ttu&g_ep=EgoyMDI0MTAwMi4xIKXMDSoASAFQAw%3D%3D",,,,,
"Indo-Cam (National Paints) Douala, Cameroon.","https://www.google.com/maps/place/Indo-Cam+%28National+Paints%29+Douala,+Cameroon./data=!4m7!3m6!1s0x1061133366016729:0xc9d09ea530ca4b84!8m2!3d4.0598557!4d9.7032499!16s%2Fg%2F11rvctv6sn!19sChIJKWcBZjMTYRARhEvKMKWe0Mk",,No website found,,3.0,1,Building materials store,"3P53+W68, Douala, Cameroon",+237 6 79 52 92 43,"https://www.google.com/maps/search/enterprises+in+bounamousadi+douala,+cameroon/@4.0919173,9.7315477,15z/data=!3m1!4b1?entry=ttu&g_ep=EgoyMDI0MTAwMi4xIKXMDSoASAFQAw%3D%3D",,,,,
YVANO Shopping,"https://www.google.com/maps/place/YVANO+Shopping/@4.0723777,9.7253504,17z/data=!3m1!4b1!4m6!3m5!1s0x10610df52553a141:0xca4082317d8fdaa!8m2!3d4.0723777!4d9.7253504!16s%2Fg%2F11f0wlc77y",,No website found,,3.5,2,Electronics store,"3PCG+X45, Rte de Bepanda, Douala, Cameroon",,"https://www.google.com/maps/search/enterprises+in+bounamousadi+douala,+cameroon/@4.0919173,9.7315477,15z/data=!3m1!4b1?entry=ttu&g_ep=EgoyMDI0MTAwMi4xIKXMDSoASAFQAw%3D%3D",,,,,
Continuum Business Technologies,https://www.google.com/maps/place/Continuum+Business+Technologies/data=!4m7!3m6!1s0x106113c2f0eb5b2f:0xc85f57e2032b9aa8!8m2!3d4.0449759!4d9.6986104!16s%2Fg%2F11vy11k3w_!19sChIJL1vr8MITYRARqJorA-JXX8g,,No website found,,5.0,4,Electronics store,"Rue Comeci (En face direction des impots, Douala, Cameroon",+237 6 53 89 76 04,"https://www.google.com/maps/search/enterprises+in+bounamousadi+douala,+cameroon/@4.0919173,9.7315477,15z/data=!3m1!4b1?entry=ttu&g_ep=EgoyMDI0MTAwMi4xIKXMDSoASAFQAw%3D%3D",,,,,